latitude,longitude,keyword
39.8808742,116.1913974,园博园
40.1032852,116.0910544,北京凤凰岭自然风景公园
39.8689091,116.0728183,千灵山北门
39.9159,116.449,CBD历史文化公园
40.0156318,116.3300712,东升八家郊野公园
40.0558477,116.2786186,中关村森林公园中园南门
40.0563306,116.2768284,中关村森林公园中园入口
40.0582029,116.272577,中关村森林公园中园入口
40.0541635,116.2733399,中关村森林公园中园南门
40.0019342,116.2886629,长春仙馆
39.8689033,116.0723247,清戒碑
39.8567861,116.0774479,灰窑遗址
39.8744283,116.1896503,锦绣谷
39.8773406,116.1795326,月季园
40.0547102,116.5657671,
40.0017659,116.3208183,地质之角
39.9099452,116.547761,菜鸟驿站
39.9534546,116.3944033,
40.0054713,116.5244613,聚园
39.909043,116.5257976,兴隆公园南门
40.1368795,116.6637282,宪法公园
40.1359442,116.6619352,潮白河森林公园
39.8379783,116.2877271,公园西门
39.8837903,116.1618115,园博园古民居
39.7336668,116.1621346,龙腾
39.7336514,116.1622149,张军
39.9080658,116.4279734,建国门健身乐园
39.9141594,116.4375986,日坛公园
39.8798845,116.404234,天坛公园
39.9527739,116.4090383,地坛公园
39.8700503,116.3500737,大观园
40.0050811,116.2971533,圆明园遗址公园
40.03378,116.3042412,上地公园
40.0299368,116.3067114,
39.9407846,116.3762243,后海公园
39.7954034,116.4974651,博大公园
39.8087251,116.4862048,亦庄企业文化园
39.983769,116.3841204,中华民族园
39.9784765,116.3855993,中华民族园
39.9244135,116.3903832,景山公园
39.9157791,116.3163536,玉渊潭公园
39.9901784,116.2659253,颐和园
39.9413131,116.3132526,紫竹院公园
39.9648854,116.3686607,双秀公园
39.8735581,116.375095,陶然亭公园
39.9034433,116.4109541,东单公园
39.8933808,116.3530828,宣武艺园
39.9274395,116.4000707,皇城根遗址公园
39.9744519,116.4503309,太阳宫公园
39.9102955,116.6762966,运河文化广场
39.9995467,116.3120988,绿园
39.9902491,116.2953126,畅春新园体育休闲广场
40.0728236,116.4643006,温榆河公园朝阳示范区
39.8766087,116.433776,龙潭公园
39.8754136,116.4253836,龙潭中湖公园
39.8750873,116.3928043,永定门公园
40.0207575,116.3855123,奥林匹克森林公园
39.8764199,116.4849328,窑洼公园
39.8907751,116.3093905,莲花池公园
39.934276,116.3547585,官园公园
39.8787303,116.3935546,
39.9428216,116.4425802,
39.955446,116.3791036,人定湖公园
39.8582959,116.5012587,翠城公园
39.9594353,116.3954634,柳荫公园
39.9540481,116.3962772,青年湖公园
40.0361219,116.4017524,景藏健康公园
40.0154927,116.3272271,东升八家郊野公园南区
40.0185893,116.3363916,东升八家郊野公园东区
39.9808783,116.4545012,金隅南湖公园
39.8657374,116.4223035,方庄体育公园
39.9043037,116.2378655,北京国际雕塑公园
39.9150361,116.2484391,阳光星期八公园
39.9043424,116.2011021,首钢松林公园
39.8155213,116.3425015,海子公园
39.7039586,116.3066348,念坛公园
39.8781867,116.3623941,万寿公园
40.0300621,116.4479913,朝来森林公园
39.9421602,116.4215286,南馆公园
39.8375961,116.2889651,丰台科技园生态主题公园
39.8595287,116.3074361,丰益花园
39.9134674,116.2183333,老山城市休闲公园
39.8874694,116.3925694,
39.8321916,116.4198449,石榴庄公园1号园
39.8320437,116.4122823,石榴庄公园2号园
39.8276135,116.4741906,镇海公园
39.9120594,116.5281497,兴隆公园
39.8132928,116.2060226,房车世界露营公园
40.0233971,116.4502535,
39.949725,116.8063622,燕郊公园
40.0764316,116.3357281,回龙观体育公园
40.0814938,116.31868,回龙园
39.8443901,116.5756674,郎各庄村休闲公园
39.834397,116.4990073,海棠公园
39.8291546,116.5135001,老君堂公园
39.8483725,116.5261727,北焦公园
39.9978417,116.4871187,大望京公园
39.8838018,116.6059113,暖山郊野公园
39.8476199,116.2209286,中国人民抗日战争纪念雕塑园
39.990374,116.3981327,北辰中心花园
40.004178,116.3193565,北院
40.0018298,116.3256684,灵璧石广场
40.0007133,116.3137813,近春园
40.0000541,116.3140375,近春园遗址
39.9825951,116.3398686,绿园
39.8997178,116.4205171,明城墙遗址公园
39.8989078,116.3521659,西便门公园
40.0020359,116.3165653,
39.91476,116.2692947,五棵松奥林匹克文化公园
39.8623584,116.2800874,丰台花园
39.9091716,116.2691028,五棵松公园
39.9123363,116.2692932,五棵松奥林匹克文化公园
39.9593876,116.3148523,
39.9624259,116.3167897,
39.9581896,116.3129675,中心花园
39.9614708,116.3170023,
39.9596835,116.3170927,
39.9635727,116.316577,
39.9607116,116.316994,
39.9581551,116.3160443,
39.9587429,116.3159562,
39.9712236,116.468946,四得公园
39.8733973,116.6726612,梨园主题公园
40.0596861,116.4143768,天通苑街心花园
39.7704283,116.2206508,
39.8693694,116.2438569,小屯公园
39.9843925,116.3334155,京张铁路遗址公园
39.9984791,116.2895668,一亩园
39.9393745,116.4596758,全国农业展览馆;中国农业博物馆
39.9458535,116.4298975,
40.0001695,116.3391744,
39.9724709,116.2915509,巴沟公园
39.9725683,116.2941814,巴沟公园
39.9725762,116.2928025,
39.9724563,116.2934855,万泉新新家园网球场
39.915123,116.4494332,CBD历史文化公园
39.7801931,116.3200002,地铁文化公园
39.9712692,116.2928118,
39.9702071,116.2932048,
39.9234395,116.2391059,
40.0640457,116.0990268,公园门区
39.9742707,116.2312036,丹青圃公园东园
39.8672403,116.5059933,
39.949219,116.4111614,
39.726253,115.9511831,燕山公园
39.9680292,116.3088737,教二草坪
39.9229834,116.2505502,阜石路南侧绿地公园
39.9843208,116.2895226,海淀公园
39.8936099,116.4316228,袁崇焕墓和祠
40.1112926,116.368888,宏福公园
40.0468662,116.3893473,东小口森林公园
40.0875775,116.3901724,半塔郊野公园
40.0650052,116.4076421,
39.8171568,116.4744814,鸿博公园
40.0477938,116.4081939,立水桥公园东区
39.8898942,116.6483338,
39.8900318,116.6517547,畅春园
39.8663572,116.3064702,
39.8979607,116.6104879,东1时区公园
40.0015654,116.3137159,牡丹园
39.9977703,116.2962007,东北义园
40.0083658,116.3208066,
39.8995089,116.4327114,大通滨河公园南区
39.8700766,116.7334903,大运河森林公园
40.03867,116.3698066,东升文体公园
40.0693851,116.4280625,天通艺苑
40.0500356,116.4037566,立水桥公园西区
40.0485669,116.4048269,
40.0519505,116.4392935,清河营郊野公园
40.0794346,116.3353361,回龙观法治主题公园
39.9744424,116.3670259,元大都城垣遗址公园
39.9417338,116.3410492,
39.9744328,116.4233076,元大都城垣遗址公园
39.944852,116.3532596,
39.974582,116.391787,元大都城垣遗址公园
39.9707432,116.3737864,马甸公园
39.9483985,116.3502555,
39.9743798,116.3538701,元大都城垣遗址公园
39.9656558,116.3479603,元大都城垣遗址公园
40.0318702,116.4052212,
40.0177288,116.4065349,仰山公园
40.0270825,116.4393577,
40.0344509,116.4388958,勇士营郊野公园
40.004226,116.4288458,黄草湾郊野公园
40.0034157,116.3988914,
39.9845438,116.4271603,
39.991078,116.4053517,亚运村全民健身园
40.0034337,116.3976696,
39.9959657,116.4224664,华汇紫薇公园
39.9954634,116.4032151,大屯文化广场
40.0410818,116.4188789,
39.9092828,116.3483798,南礼士路公园
39.9465718,116.3679835,西海湿地公园
39.9491266,116.3833507,北滨河公园
39.9152017,116.3458888,月坛公园
39.9689029,116.3757327,玫瑰公园
40.0290706,116.4084291,北辰绿色中央公园
40.0152143,116.4130961,
40.0176942,116.4175284,
40.0144809,116.4113339,
40.0565033,116.43134,润泽公园
39.9796043,116.4431876,太阳宫体育休闲公园
39.9825815,116.439464,太阳宫公园
40.0103146,116.4541902,望湖公园
39.9909394,116.4447175,桐城公园
39.9932016,116.4927004,望京公园
39.993549,116.4456355,望承公园
39.9989069,116.4478766,望和公园北园
39.904038,116.4578293,中航工业花园
39.9058498,116.4585974,
39.9057318,116.4577061,
39.9444089,116.4755863,朝阳公园
39.9212897,116.4677454,
39.9374294,116.4849176,
39.9340666,116.4848795,
39.9311887,116.4813075,
39.9244699,116.458345,团结湖公园
40.01388,116.5437144,
40.0036912,116.5559085,郁金香温泉花园度假村
39.9123934,116.4496053,
40.1156178,116.3561896,万福宫道馆
40.1126786,116.3542373,白各庄新村公园
39.9345033,116.5762496,常营公园
39.9332115,116.4872433,
39.933942,116.4911311,
39.9371031,116.4936644,
39.9347888,116.4940345,
39.9240657,116.4693628,
39.9472882,116.4368934,左家庄科普廉政文化公园
39.9253016,116.48707,红领巾公园
39.9254153,116.4820436,健一公馆
39.9324206,116.3551832,中国儿童中心
39.7676535,116.4991174,X10地块口袋公园
39.840203,116.3884502,建欣苑公园
39.767806,116.5148363,
39.769031,116.5160932,
39.8315247,116.3970141,
39.8457579,116.3958544,福海公园
39.8443415,116.3933933,
39.7741377,116.5047058,
39.7727277,116.5040882,
39.7625626,116.4955628,
39.7615409,116.499829,
39.7681606,116.5086726,
39.76432,116.5071075,
39.7613602,116.5043582,
39.7780248,116.4911228,
39.7793061,116.4921279,
39.796786,116.4702784,
39.7859151,116.4938415,
39.7944692,116.4850124,海棠公园
39.8066061,116.4995115,
39.7966038,116.4850816,
39.8568048,116.4407794,
39.8316825,116.4424724,
39.8144496,116.4454129,宣颐公园
39.790064,116.4740514,
39.7632768,116.5289647,
39.7731508,116.5122673,
39.7824741,116.4955659,
39.7739037,116.5106117,
39.764163,116.5368509,
39.7616344,116.4958811,
39.895612,116.7014611,运河生态公园
39.8942436,116.7003471,
39.9874956,116.8111401,燕郊植物园
39.8519381,116.481646,
39.848735,116.477953,和谐广场
39.8545428,116.4791675,
39.7746671,116.4565875,麋鹿苑
39.8953153,116.553634,百花公园东区
39.8940754,116.544362,百花公园西区
39.7678009,116.5096145,
39.7607646,116.4995114,
39.760735,116.5171765,
39.7604393,116.5085722,
39.7581547,116.5142876,
39.7587679,116.5034576,
39.7636837,116.5079449,
39.8133354,116.4295477,旺兴湖郊野公园南区
39.8090459,116.4319963,碧海公园
39.8043461,116.4948341,
39.8658792,116.4246226,
39.9853378,116.3742163,
40.0059777,116.4113311,如苑公园
39.7049967,116.7903939,永乐广场
39.7873756,116.3434874,明珠广场
40.1048897,116.6656369,仁和公园
39.7754909,116.5655663,
39.7716439,116.5680752,
39.7729853,116.5749494,
39.7739042,116.5633682,
39.7775072,116.5637022,
39.7633629,116.5357572,
39.7439075,116.5137943,
39.8062942,116.4936195,
39.8048503,116.4921533,
39.803597,116.4930586,
39.8072728,116.4901485,
39.8357901,116.5860449,
39.8009978,116.5589973,
39.7980901,116.5558697,
39.7770256,116.5626723,
39.8030761,116.5617096,
39.7902749,116.5376483,
39.7432473,116.533026,
39.7436393,116.5129404,
39.7504246,116.533499,
39.7946628,116.5583774,
39.7923909,116.5420934,
39.753134,116.5322442,
39.7541352,116.5267008,
39.9733043,116.4735854,丽都公园
39.984301,116.3440543,
39.9788683,116.3385422,
39.7508206,116.517414,
39.7534032,116.5262482,
39.7619339,116.5399632,
39.754472,116.5224472,
39.7755517,116.3416228,星光生态文化休闲公园
39.9366414,116.3798358,恭王府花园
40.0011943,116.2799404,
40.0170238,116.2904061,
39.8275814,116.4817585,镇海寺郊野公园
39.9499454,116.3374431,芳华园
39.9772996,116.3175431,
39.9449309,116.5163563,姚家园公园
39.945654,116.5293667,京城体育休闲公园
39.9264387,116.5219658,星河湾四季会公园
39.8768432,116.5298038,古塔公园
39.8557934,116.2026136,晓月郊野公园
39.8613793,116.2059681,野花组合
39.9579595,116.3187099,
39.8712672,116.2947955,西局玉璞园-西区
39.8720856,116.2988339,西局玉璞园-东区
39.8932904,116.1042332,石门营文化公园
39.9832289,116.5081936,
39.8160314,116.518159,
39.819053,116.4386721,旺兴湖郊野公园北区
39.7758767,116.4584726,南海子公园
39.7513438,116.4451321,兴海公园
39.7982902,116.4598424,
39.74553,116.4897543,
39.7491377,116.4913349,
39.7386597,116.4899253,
39.7563474,116.4855812,
39.7495884,116.4950502,
39.7539089,116.4820522,X86体育公园
39.7501548,116.4951253,
39.7628146,116.4838552,
39.7621959,116.4897985,
39.7503349,116.4991447,
39.7626055,116.4779975,
39.7532413,116.4764557,
39.7530205,116.5018293,
39.7557673,116.5032452,
39.7563267,116.476248,
39.7583177,116.4810003,
39.7508817,116.4914794,
39.7632501,116.4920243,
39.8074719,116.4520052,
39.9881392,116.1967183,香山红色大本营
39.7932591,116.1427652,北京南宫旅游景区
39.8050155,116.1485349,南宫休闲广场
39.9918213,116.4709489,望京伯爵城中央公园
39.6997029,115.9895899,迎宾公园
39.9467718,116.2842179,四季曙光公园
39.9521493,116.2879899,
39.8576241,116.3692217,万芳亭公园
39.9105831,116.1938172,石景山雕塑公园
40.1174864,116.6529451,三山园
40.1185768,116.6459493,怡园公园
39.7021381,115.9606357,卧虎山公园
40.003747,116.4484925,北小河公园
39.9082875,116.4412669,
39.702845,115.9838304,朝曦公园
39.9272026,116.4286222,
39.9338813,116.4458096,Community Exercise Area
39.9327444,116.4497794,
40.0518197,116.4293668,
39.9320096,116.4368541,
39.9290388,116.453344,
39.9426249,116.4280165,
39.9473596,116.4064006,北二环城市公园
39.9723333,116.4054638,
39.9390892,116.4099441,北新桥街心公园
39.9271138,116.4492775,
39.9560461,116.474286,枫花园
39.9276093,116.4645996,
39.9321036,116.4429617,
39.9267802,116.4399162,
39.9392996,116.4286465,
39.9244506,116.4640974,Exercise Machines
39.9447557,116.4467473,
39.9295155,116.4285235,
39.9306504,116.4285991,
39.7754968,116.3453289,
39.7358986,116.5361813,
39.7926418,116.5717652,
39.7905317,116.5733306,
39.7853406,116.5791004,
39.7825593,116.5816854,
39.788037,116.5766399,
39.7800594,116.5839803,
39.7776911,116.5862334,
39.773495,116.5673887,
39.7795337,116.5603501,
39.788116,116.5657962,
39.8227359,116.4153775,
39.8092051,116.4249296,
39.817529,116.418622,
39.8053452,116.4249902,五福堂公园-北一区
39.8227354,116.5196069,
39.8215084,116.5158117,
39.8203461,116.5197935,
40.0057042,116.4812359,
40.008167,116.4772423,
39.7432775,116.3958445,
39.7398591,116.3959398,
39.7913268,116.5693644,
39.8147054,116.545345,
39.8165031,116.5434845,
39.7596998,116.5387049,米拉公园
39.7891363,116.4237282,
39.7922823,116.4295031,五福堂公园
39.8221602,116.2808453,水池雕像
39.94704,116.2758317,曙光防灾教育公园
40.1300491,116.293809,昌平新城滨河森林公园
39.9947085,116.3546376,青年园
39.9683725,116.4003843,安贞涌溪公园
39.7683627,116.3348066,高米店公园
39.7546098,116.336067,康庄公园
39.7606603,116.3317246,金星公园
39.7605472,116.335427,
39.9326597,116.5446004,京城梨园
39.7276267,116.3324522,街心公园
40.0827618,116.3344223,回龙园东区公园
39.9264852,116.3824998,北海公园
39.9145591,116.1475554,首钢工业遗址公园
39.9055104,116.1780462,
40.0422595,116.2720011,绿地
40.1399198,116.6347335,卧龙公园
39.9823499,116.3293932,
39.9840904,116.3276837,
39.9829676,116.3312055,
39.9826232,116.3306247,
39.9784583,116.3298971,
39.9791169,116.32927,
40.0608961,116.2740204,中关村森林公园
40.1291043,116.3221504,
40.1251489,116.3420439,
40.1218347,116.4646977,未来科学城滨水公园
40.0153914,116.3193254,荷清园
39.9926636,116.3863836,
39.9193303,116.3015116,中塔公园
39.9144946,116.3014075,
39.9168387,116.3008368,中塔公园
39.7403846,116.3290137,黄村公园
39.7921764,116.5017761,
39.7800528,116.5613649,
39.969204,116.3185817,双榆树公园
39.9842483,116.3707676,北极寺公园
40.0886828,116.3029251,
39.9979751,116.2585868,功德寺公园
39.9524903,116.3392339,
39.9524171,116.338875,
39.9522824,116.3389874,
39.952312,116.33915,
39.9521089,116.3392468,
39.9518375,116.3397535,
39.9523544,116.3396221,
40.1230336,116.4743031,
40.1243608,116.4671707,
40.1266987,116.4600361,
40.1323027,116.4549805,
39.7880138,116.3275875,兴海公园
39.7670727,116.3188637,滨河公园
39.7664461,116.3141004,翡翠公园
39.9471725,116.3852229,德胜公园
39.8999836,116.3422075,
40.0521049,116.1749141,
40.051893,116.1752575,
39.9562692,116.3480515,元大都公园明光村小区处
39.9700346,116.5096517,将府公园
39.9893401,116.3413543,冬日广场
39.9904336,116.3443904,小花园
39.991103,116.3402027,新生代广场
39.9909233,116.3453349,花园
40.0486111,116.6017511,西湖园
39.931906,116.5209991,京城森林公园西区
40.0618086,116.3326257,南店公园
39.9500945,116.5660816,东坝公园
39.9287291,116.598262,常营公园保利园
39.7586953,116.1733727,长阳公园
40.0903954,116.4226819,中直绿化基地
39.9911443,116.3379027,小花园
40.0276589,116.3142137,
39.8342243,116.347238,世界花卉大观园
39.8239859,116.355895,槐新公园
39.8826383,116.2440773,欢乐水魔方
40.0419682,116.2540215,百旺公园
39.78311,116.4880688,
39.9630084,116.2725179,融乐公园
39.8684955,116.3922931,
40.0040648,116.4830295,电子城西区科技广场
40.0706249,116.5327612,
40.0690097,116.5283018,
40.0690079,116.5481708,
40.0694797,116.5321281,
40.0151288,116.781881,
39.942047,116.8196059,
39.984691,116.7713614,金燕城市广场
40.0663233,116.5477417,
40.092352,116.5261561,
40.0946895,116.5167608,
40.0871504,116.5167091,
40.0718846,116.5158453,
40.0718835,116.5200531,
39.9912736,116.6062138,
39.8698295,116.3950129,
39.8696463,116.3913866,
40.0752104,116.5345605,
40.0696916,116.5376481,
39.8206961,116.3836141,和义公园西区
39.8179257,116.3999715,
39.8189023,116.3910618,和义公园东区
39.9495432,116.2702895,
39.9427644,116.2494043,
39.9526905,116.4484819,
39.9500956,116.3545631,
40.1227673,116.273578,
40.0975348,116.3073861,
39.9352817,116.2982134,
40.0152203,116.2519706,
39.9283081,116.2890766,玲珑公园
39.933864,116.105619,
39.9330403,116.1058933,
39.9381879,116.1059704,永定河文化广场
39.7082034,116.0563685,星城街道党建文化主题公园
39.7792723,116.4742172,南海子郊野公园-动感乐园区
39.9051162,116.2098225,
39.9824463,116.2426785,影湖楼公园
39.9694416,116.3048758,百家园
39.7327691,116.1596933,良乡烈士陵园
39.8702973,116.3596722,
39.9016461,116.383616,
39.9016991,116.3837817,
39.9016924,116.3834316,
39.901927,116.3837746,
39.9019249,116.3834331,
39.9682507,116.3120642,求是园
39.9490305,116.333998,积秀园
40.1104679,116.3480134,
39.9677248,116.4683922,石林广场
39.9702971,116.4623608,
39.9457264,116.4343962,东城区亮马河公园
39.9365951,116.337017,
39.9771122,116.4756902,
40.0773409,116.2285984,
39.8950688,116.1049594,石龙广场
39.8905649,116.1010412,门头沟幸福广场
39.9021171,116.0244514,潭柘寺
39.8929351,116.5640724,杜仲公园
40.1018052,116.1354644,同泽春园
40.1198403,116.5591051,花博会主题公园
39.8709703,116.3436412,金中都公园
39.954122,116.6900918,宋庄文化公园
39.7253434,116.3424262,观音寺公园
39.9180308,116.5054359,绿无限公园
39.9829433,116.3504956,
39.9844913,116.3510769,
39.9828484,116.3483667,
39.9812334,116.3501098,
39.9687368,116.2833383,巴沟山水园
39.9631441,116.2758248,梦之园
39.9631118,116.2787171,
39.9635668,116.2809546,
39.9631338,116.2838055,金娱娱乐园
39.9626533,116.2702667,
39.9599191,116.2858087,金源娱乐园
39.9594446,116.2703293,
39.9929896,116.3434946,来园
39.994338,116.3432291,北语苗圃园
39.9944308,116.3441335,
39.9939779,116.3455178,凌霜园
39.9924367,116.3428167,
39.9935026,116.3451398,
39.9934042,116.3411803,
39.9923788,116.3394373,
39.9707326,116.2650113,船营公园
39.9517775,116.2704614,
39.9797968,116.2546976,中坞公园
40.0895922,116.3337163,
39.9631979,116.2862315,长春健身园
39.9899869,116.3383939,
39.9850364,116.3672575,
39.9830017,116.3654873,
39.9846641,116.3687156,
39.9850139,116.3650272,
39.9812915,116.3660951,
39.9836381,116.3671688,
39.9838063,116.3687296,
39.9830876,116.3690198,
40.0808382,116.335303,
40.034233,116.368487,宝盛里观景园东公园
39.9116043,116.1393446,北京冬奥公园（永定河河岸公园）
39.898257,116.1294701,
39.8925143,116.1392684,
39.905545,116.1037388,冯村公园
39.9233077,116.1069554,葡山公园
40.069889,116.243484,
39.9066464,116.5817724,西会公园
39.9045397,116.5878718,
39.977259,116.3450805,唯实园
39.9089806,116.6108279,八里桥音乐主题公园
40.1292437,116.4029748,
39.7505687,116.6304206,马驹桥湿地公园二期
40.041877,116.3410789,休闲公园
39.9319495,116.6684228,德园
39.9311898,116.3830896,静心斋
39.9288839,116.3861684,画舫斋
39.9566272,116.512147,东风公园
39.9977941,116.4539549,
39.6839928,115.9756506,
39.7507385,116.3302849,枣林公园
39.9426289,116.288324,车道沟公园
39.9564183,116.0935694,福亭公园
39.9546455,116.093656,福鼎公园
39.9845606,116.2511199,北坞公园
39.734143,116.303579,清源公园
39.8945884,116.4817379,百子湾公园
39.9761128,116.2412046,茶棚公园
39.9765035,116.2560957,
39.9762129,116.3376163,
39.972117,116.2774328,怡乐园
40.0903086,116.3496793,乐府公园
39.9741499,116.2207902,丹青圃公园西园
40.0434737,116.3179544,
39.9975154,116.3541041,畅乐园
39.9729024,116.3197542,知春公园
39.9816174,116.3054789,
39.9346925,116.2818532,
39.9438799,116.4933071,
39.9423982,116.494896,
39.9902543,116.1915824,
39.985564,116.4426697,望和公园南园
40.0024834,116.35101,
40.0044632,116.3503751,
40.001831,116.3510441,
39.953457,116.4859047,
39.848175,116.3572368,
40.0015728,116.4697581,
39.9736402,116.4963439,丁香园
40.1377964,116.6628333,和谐广场
40.1229797,116.6568159,
40.1257767,116.6789986,顺义新城滨河森林公园-水岸风情园南区
40.1326941,116.6708165,顺义新城滨河森林公园-水岸风情园北区
40.1372386,116.6582408,减河公园
40.1333822,116.6620272,减河公园
40.1303207,116.6641091,减河公园
40.1275816,116.6538236,
40.1410593,116.6444062,减河公园
40.1451988,116.6556209,双兴公园
40.072136,116.7315369,顺义新城滨河森林公园-趣味运动园
40.1118448,116.7071279,顺义新城滨河森林公园
40.0914327,116.7199316,顺义新城滨河森林公园-森林游憩园
39.9935221,116.8223517,燕郊滨河森林公园东区
39.9562162,116.6825242,宋庄文化公园二期
39.9244146,116.6796011,龙旺庄村公园
39.9424217,116.5698911,京城槐园
39.9410856,116.6178137,
39.9343792,116.6186041,
39.9337872,116.6142929,
39.8385156,116.5535954,马家湾湿地公园
39.9250342,116.2716602,
39.968096,116.3950141,安贞拾光
39.8749541,116.2547603,天元公园
39.7579349,116.5764226,金马公园
39.7702495,116.5814395,尚悦居配建公园
39.911057,116.317285,
39.868656,116.4415437,弘善公园
39.9011199,116.3915453,
39.9804247,116.3041516,萨利宅院
39.9846729,116.3017203,
39.912616,116.7177351,
39.8972038,116.7050955,东六环西辅路带状公园·丹黄珠翠
39.9047087,116.7045105,东六环西辅路带状公园·增彩延绿
39.9200099,116.6946389,亲子生态园
39.9181346,116.7066385,潞城中心公园
39.9133715,116.7173664,运潮减河公园
39.923097,116.694889,
39.7374641,116.3228592,
39.90966,116.3797278,
39.8950949,116.718397,镜湖园
39.9035769,116.7138998,
39.8324988,116.2835341,
40.0189345,116.3271034,东升八家郊野公园西区
40.0103453,116.3300387,八家郊野公园
39.7961433,116.2933918,高鑫公园
39.9762706,116.3544736,
39.8997298,116.3270834,会城门公园
39.8859199,116.3292326,
39.8817006,116.3295141,
39.8783719,116.3296852,
39.8424722,116.3633922,马家堡嘉园三里社区公共空间项目
39.9884283,116.2246296,妙云寺公园
39.9140293,116.321495,远香园
39.914161,116.3226275,留春园
39.9010299,116.4351156,大通滨河公园
39.946208,116.4242998,
39.8519489,116.3559656,嘉河公园
39.9695059,116.4151965,
39.9708385,116.4151109,启荣园
39.9267457,116.5065788,润青湖
39.9365929,116.3388275,
39.9359191,116.2358149,田村文化体育广场
39.9194038,116.2752568,定慧公园怡趣园
39.9191864,116.2797605,定慧公园
39.9187464,116.2862243,
39.6888801,116.4297962,爱情海玫瑰园
39.9584875,116.3635005,
39.9915198,116.6592114,东郊森林公园
40.0769751,116.2274929,
40.0733431,116.2293146,
40.0754686,116.2294699,
40.0770139,116.232838,
40.0751969,116.2266513,
40.0744277,116.2240302,
40.0715047,116.2302813,
40.0797079,116.23391,
40.0752206,116.236167,
40.0743122,116.2392734,
40.0774318,116.2399574,
40.0779573,116.2361272,
40.0799637,116.2436297,
40.0804914,116.2406983,
40.0820238,116.2399434,
40.0824146,116.2450575,
40.0793062,116.2466051,
40.0766824,116.2498787,
40.074911,116.2667919,
40.0642974,116.3641525,翡丽公园
40.0790849,116.3212488,
40.0753462,116.3530111,
40.0856186,116.4294225,
40.1009888,116.5352098,龙腾世纪文化广场
40.0712865,116.2048747,
40.1021789,116.1278315,同泽秋园
40.0966908,116.1358319,
40.0941902,116.1382943,
40.083611,116.1316533,
40.1233217,116.1989773,威凯居住区绿地公园东区
40.1024668,116.1810796,翠湖国家城市湿地公园
39.8512605,116.1826269,张郭庄休闲公园
39.8488514,116.1891848,二七车辆社区文化广场
39.8603856,116.1862196,
39.8584552,116.1822268,
39.8574012,116.1799015,
39.9318071,116.589864,蝶泉花园
39.9024442,116.3888946,
39.9046399,116.3887744,
40.0343641,116.3112782,
39.6892164,116.3187571,
39.6973411,116.2839681,
39.7162488,116.302894,大兴滨河森林公园
40.0170372,116.3392129,八家口袋公园
40.0286273,116.3033976,幸福花园
39.8984424,116.6909849,
39.9209649,116.661439,通州公园东园
39.9132249,116.6564398,西海子公园
39.8920064,116.6712734,万春园
39.8776235,116.693614,碧水公园
39.8716493,116.6906053,
39.8713349,116.6773398,
39.8943905,116.6209951,杨庄公园
39.8926608,116.611785,广渠路公园
39.8934065,116.6052811,郭家场村绿地公园
39.8899681,116.6158476,广渠路公园南区
39.9043398,116.6070715,
39.9396199,116.639332,温榆河滨河森林公园北区
39.959209,116.6365383,
39.9269709,116.5898696,万象新天社区中心公园
39.8199479,116.3886293,和义公园中区
39.8172487,116.3920015,世嘉丽晶口袋公园
39.8165814,116.3946816,
39.8132969,116.3948357,
39.8110871,116.3951084,
39.8104146,116.3982919,和义东里健身园
39.9008788,116.4125466,同仁医院口袋公园
39.8359502,116.3188252,
39.835337,116.3311797,
39.8431918,116.3342284,纪家庙街边公园
39.8285333,116.3937753,梣林叠翠公园
39.8055581,116.397821,三营门公园
39.8098744,116.4080554,东高地公园
39.8257268,116.4251706,
39.8225194,116.4191924,
39.8140243,116.4175886,爱琴海公园
39.8112194,116.4210125,
39.8124162,116.4241801,
39.8316184,116.3920027,大红门花飞蝶舞园
39.8295057,116.4027071,红门佳荫公园
39.8280142,116.2648348,看丹公园
39.8363341,116.2555769,榆园
39.8341696,116.4124111,
39.8339785,116.4190081,
39.8340537,116.4243478,
39.8271457,116.4223731,
39.840135,116.3625938,嘉囿城市休闲公园
39.891352,116.2396729,小瓦窑公园
39.7997406,116.2167322,
39.801768,116.2091674,苹果园
39.7830573,116.211766,兰花文化休闲公园
39.7802262,116.2033984,
39.7822895,116.217329,房山森林城市主题公园
40.1253017,116.8000378,汉石桥湿地公园
39.858468,116.2994892,庄怡公园
39.9021477,116.4289946,
39.9000432,116.4287364,
39.9016638,116.4316832,
39.9017338,116.4337901,
39.9979067,116.4592784,
39.9972054,116.4630435,望京文化体育公园
39.9827808,116.456807,
39.9753317,116.5088128,
40.0203204,116.4638867,朝来滑板公园
39.9130896,116.7112987,路县故城遗址公园
39.8445723,116.5282423,
39.8356195,116.5234952,
39.8618622,116.4875116,小武基公园
39.8472673,116.5080849,
39.9145872,116.412171,
39.913753,116.4120099,
39.939313,116.356865,北草厂口袋公园
39.9294213,116.1904193,平坡草树城市森林公园
39.8823218,116.4172157,体育馆路口袋公园
39.9313714,116.2830215,京门铁路主题公园
39.762429,116.3233134,金星西路口袋公园
39.761576,116.3263885,
39.7129034,116.3143385,
39.7125365,116.3117335,万科大兴公园
40.0301548,116.2944962,新树村郊野公园
39.8262309,116.4380632,芳林公园
39.9028938,116.3851806,
39.9019815,116.3847065,
39.903769,116.3851806,
39.9043994,116.3850671,
39.9018992,116.3824432,
39.9028292,116.3819658,
39.9039866,116.3820161,
39.9052212,116.3845307,
39.905118,116.382594,
39.9019702,116.3838789,
39.9016517,116.3840901,
39.901625,116.383167,
39.901947,116.3833255,
39.9052407,116.388224,
39.8979092,116.3923161,
39.8982937,116.391215,
39.8982765,116.3905875,
39.897896,116.3910543,
39.8983106,116.3919643,
39.9046362,116.3860697,
39.8972446,116.3907078,
39.8974551,116.3899176,
39.9051451,116.3691281,
39.9043982,116.3686068,
39.9042761,116.3690239,
39.8786631,116.2927933,小井加油站东侧绿地
39.9259741,116.1882969,小广场
39.927002,116.2024813,牡丹园
39.9277145,116.2019594,毓秀园
39.9290118,116.2021818,古松园
39.907796,116.2313794,郎园
39.9960225,116.2862552,亮丽园
39.9643881,116.3229625,躺碑庙公园
39.9399794,116.3653823,新街口城市森林公园
39.8409103,116.5763247,
40.0475329,116.1916193,太舟坞公园
40.0434955,116.1967396,
39.8665855,116.387434,燕墩公园
39.7139589,116.3962624,孙村公园
39.7043587,116.3996513,孙村公园D区
39.7043021,116.4019691,孙村公园C区
39.9258972,116.5299352,平房公园
39.9068836,116.2376771,云林花谷
39.9056406,116.1700774,
39.9190139,116.2138953,西郊砂石坑雨洪调蓄工程
39.8956837,116.3312923,小马厂东南角绿地
39.8749094,116.3258646,蔺圃园城市森林
40.1395082,116.2814755,
40.0641923,116.5740147,天竺全环镇域健身步道
39.8016797,116.3833585,玉兰香雪公园
39.8940178,116.2165891,
39.8943607,116.2206264,
39.8944597,116.2268646,
39.8945779,116.2150534,
39.8935881,116.2093786,
39.8991486,116.2152764,鲁谷奥运文化公园-半月科普园
39.8841185,116.2054809,衙门口城市森林公园东区
39.8848711,116.2010352,衙门口城市森林公园西区
39.9398988,116.1811838,保险产业园核心绿地
39.9085413,116.1668642,新安城市记忆公园
39.9548673,116.1182516,小青山公园
39.839498,116.2208071,绿堤公园
39.8912649,116.5330448,
40.0563347,116.384494,贺新公园
39.7664127,116.6332177,马驹桥湿地公园一期
39.8644811,116.1112471,北宫森林公园
40.0744125,116.308459,
40.017884,116.6563937,东郊湿地公园
39.9925926,116.2554854,颐和园西侧三角地绿化
40.0265802,116.2608914,百旺绿地公园
40.0460308,116.4093419,立水桥公园南区
40.0331652,116.4249232,绿谷公园
39.8222818,116.5020449,横街子街心公园
40.0367993,116.5008783,
39.7635928,116.4539754,红星集体农庄纪念公园
39.7560931,116.4688857,瀛海足球主题公园
39.7511604,116.4697342,
39.7553878,116.455968,瀛海休闲体育公园
39.7788048,116.4179342,市民公园
39.872046,116.7213469,城市绿心森林公园
39.89319,116.7584129,东堡公园
40.0891885,116.3545021,公园悦府小区东侧社区公园
39.9108519,116.5512655,文化广场
40.0182028,116.4644801,
39.9709367,116.3922261,安贞社区公园
39.9385762,116.1812216,
39.9385611,116.1786014,
39.9385915,116.1838804,
39.9397344,116.1923357,
39.9399383,116.1878254,
39.9435187,116.1813011,余山微塘公园
39.9399262,116.1762605,
39.93912,116.1737694,
39.9367856,116.1693843,
39.909335,116.1232218,绿海运动公园南区
39.9165622,116.1199665,绿海运动公园
39.947232,116.3946481,
39.9860429,116.2422634,影湖楼公园
39.9735151,116.2353211,
39.9752831,116.2152756,南旱河公园
39.9863285,116.2339435,妙云寺公园梅园
39.953006,116.2910887,南长河公园（西段）
39.9485124,116.2972744,南长河公园（中段）
40.038528,116.3323788,碧水风荷公园
39.998178,116.411949,华汇公园
39.8730529,116.3078112,太平桥街道精图绿化文体休闲广场
39.8797847,116.5042768,王四营官庄公园北区
39.9455994,116.5943598,金盏森林公园
39.8458505,116.5472979,富力又一城公园
40.044516,116.4748833,奶东公园
40.0443972,116.4926714,何里栖地公园
40.0455473,116.5341273,
40.0539157,116.5112799,道济禅
40.0416828,116.4729542,
40.0214134,116.4534231,
39.7740007,116.2570539,立垡花园
39.7774005,116.3216082,西红门城市生态休闲公园-西区
39.7766254,116.3281903,西红门城市生态休闲公园-西南区
39.779738,116.3273423,西红门城市生态休闲公园-西北区
39.7779476,116.3485662,西红门城市生态休闲公园-中区
39.77682,116.3615928,西红门城市生态休闲公园-东区
39.7737016,116.3557749,大兴生态文明教育公园
39.7828746,116.3406174,西红门城市生态休闲公园-北区
39.8000828,116.4244534,五福堂公园-北二区
39.7699372,116.4105604,西毓顺公园
39.810954,116.3570619,
39.8100764,116.3547337,
39.9160181,116.6197304,永顺公园
39.9198564,116.6182243,西马庄公园
39.9539396,116.6710106,刘庄公园
39.9605569,116.6723459,东郊创意园
39.7444055,116.5409602,
39.7445479,116.5465699,马驹桥城市森林-休闲公园段
39.7326529,116.3478137,
40.0492013,116.3410502,西小口公园南区
40.0462395,116.3329703,
39.9097288,116.2261854,老山森林公园南区
39.7829971,116.4416998,南海子郊野公园-综合配套服务区
39.9399601,116.6655549,
39.9409918,116.6644803,惠兰美居公园
39.9517793,116.6694569,
39.950949,116.6656325,
39.9400971,116.7199202,
39.8497446,116.712015,
39.8214154,116.7241714,
39.8243299,116.7652424,张家湾公园北区
39.8153144,116.6743266,十里庄村文化公园
39.7311055,116.5764712,周易社区文体广场
39.730109,116.6349398,东南郊湿地公园
39.7238617,116.6192226,长子营湿地公园
39.7987566,116.817411,西集公园
39.7971616,116.8326302,西集镇文化广场
39.79527,116.836652,
39.8011002,116.8337397,
39.7933723,116.7910447,
39.8445351,116.7622908,大运河森林公园-高台平林
39.8181015,116.6077624,台湖万亩游憩园二期南区
39.8111773,116.624455,垛子公园
39.8143362,116.6387534,台湖万亩游憩园二期东区
39.8241247,116.6138294,台湖万亩游憩园二期北区
39.8236247,116.6417884,新印象台湖森林公园
39.918037,116.6856909,通胡大街68号
39.844001,116.7713189,武窑村古运河渡口文化广场
39.8158934,116.5708109,东石公园
39.8167093,116.5847851,阡陌风韵休闲公园
39.8263507,116.5955396,金福湿地公园
39.8405999,116.6359248,
39.8434912,116.6196088,古运萧太后河码头遗址公园
39.8419897,116.6258761,
39.8344662,116.6361148,
39.8318916,116.6361631,
39.8293087,116.636088,
39.8771776,116.668323,
39.7185329,116.6939119,
39.7216685,116.6897378,
39.7242759,116.6821211,于家务中心公园
39.7236975,116.6712945,
39.7345529,116.6653227,
39.7212073,116.7107491,延芳广场
39.9423365,116.6721736,富力休闲公园
39.9487967,116.6464522,新地家园城市森林公园
39.8918361,116.6793523,乔庄西区公园
39.9093999,116.7237518,通州区北区保障房公园
40.0334364,116.3570389,西三旗公园
39.903598,116.450654,国贸CBD城市森林公园
40.082405,116.3776726,霍营公园南区
40.082719,116.3803667,
40.0522238,116.3356103,西小口公园北区
40.0559373,116.3352156,
40.0376215,116.4448637,朝来森林公园三期
40.0412208,116.4422157,朝来森林公园三期北区
40.04611,116.3715347,东小口城市休闲公园
39.7072864,116.1401333,良香公园
39.711811,116.1523653,良乡大学城公园·水苑
39.7423833,116.168299,清水熙森林公园
39.740144,116.1794074,广阳城森林公园
39.7373555,116.1824916,金隅公园
39.7363632,116.1846517,
39.7364825,116.1873041,
39.7161711,116.1873406,
39.723126,116.181954,
39.7069225,116.0485027,西坟公园
39.7095715,116.0771929,阎村休闲公园
39.7538081,116.1790501,
39.7560987,116.1841299,房山新城滨水森林公园东区
39.7442361,116.1372394,府前广场
40.1398164,116.2585707,
40.1268354,116.3232419,
39.9464064,116.4635198,
39.946172,116.4575404,
39.9469804,116.4583744,
39.9460583,116.4522323,
39.9454332,116.4522269,
39.7159053,116.1488092,天恒休闲公园
39.7150044,116.170433,良乡大学城公园·艺苑
39.9493288,116.4688714,
39.9490111,116.4690672,
39.9475289,116.4644096,
39.9478708,116.4642665,
39.9326676,116.526788,京城森林公园东区
39.8851206,116.5570166,金田公园北区
39.878712,116.5572394,金田公园南区
39.8769413,116.5487331,白鹿公园
39.8758696,116.5035674,王四营官庄公园南区
39.8233178,116.4888628,横街子公园
39.8224172,116.5093763,亦新郊野公园西区
39.8262801,116.5167174,亦新郊野公园东区
39.7908056,116.4274006,旧宫城市森林公园西区
39.7909115,116.4310716,旧宫城市森林公园东区
39.8259299,116.3770672,桃苑公园
39.823258,116.3621882,
39.8173713,116.3726735,槐房钓鱼公园
39.8138867,116.2773861,御康公园
39.8818957,116.2835859,万丰公园
39.8834429,116.275916,岳各庄城市休闲森林公园
39.8626037,116.2441683,绿源公园
39.8638585,116.2529399,郭庄子公园
39.9424633,116.2347436,平庄郊野公园
39.945914,116.2326803,西山公园
39.9549701,116.2385392,黑塔公园
39.9551616,116.250098,
39.9543084,116.2496248,西冉城市生态公园西C区
39.9543413,116.2544559,西冉城市生态公园东C区
39.9517132,116.254095,西冉城市生态公园B区
39.9519149,116.2560604,西冉城市生态公园北A区
39.9470793,116.2565675,西冉城市生态公园南A区
39.8552067,116.3225829,
39.8093537,116.3928374,和义健身广场
39.8328848,116.4075855,南垣秋实公园
39.8157354,116.3189511,白盆窑公园
39.8901367,116.2686914,郑常庄炫彩园
39.817634,116.154468,张家坟叠翠公园
39.8146127,116.1651324,长辛店城市森林公园
39.8452123,116.1744138,太子峪枫林杏苑
39.8135621,116.3645846,槐房小微公园
39.8164849,116.3065993,郭公庄小微公园
39.8924794,116.2688292,郑常庄小微公园
39.805378,116.1835418,朱南社区小微公园
39.8557313,116.3149252,丽泽滨水文化公园
39.8686046,116.2285966,瓦窑文化公园
39.8349397,116.3956132,红门霞栖公园
39.8789936,116.6378102,西小马公园
39.8723401,116.6687514,梨园城市公园
39.7543737,116.739361,漷县镇中心公园南区
39.7556532,116.758787,凤港河湿地(西鲁公园)
39.8284611,116.398471,秀林秋彩公园
39.82284,116.3985494,云林芳歌公园
39.8539102,116.3948065,御道入口公园
39.8837734,116.2502276,郑常庄公园
39.8838461,116.2546303,
39.816305,116.160093,静欣苑公园
39.8054011,116.3892704,龙河春绯园
39.9589431,116.3265136,
39.9489462,116.3191196,
39.9479416,116.3141801,
39.998609,116.5235988,
40.0493857,116.3038428,
39.9115481,116.6121804,管庄地区文化广场
39.8908162,116.5032609,
39.9946075,116.531563,黑桥公园
39.8940628,116.593848,管庄木材厂绿地
39.8958254,116.5576295,杜仲公园二期西区
39.8972586,116.5642998,杜仲公园二期北区
39.9193426,116.2033125,田村城市休闲公园
39.9064801,116.1345685,
39.9056829,116.1349619,
39.9062116,116.1292169,
39.9054393,116.1305484,
39.9052593,116.1277733,
39.8999419,116.1318608,翡翠乐园
39.9104615,116.7313353,
39.9124485,116.7307469,
39.9075325,116.7307632,
39.9075419,116.7317553,
39.9038591,116.7307075,
39.9043206,116.7299007,
39.7535048,116.4535465,
39.8990934,116.4662882,井点小微空间
39.890599,116.3245597,广安门外城市休闲公园
39.8904546,116.3241629,广安荷香
39.8937704,116.3350629,逸骏园城市森林公园
39.8884608,116.3369682,
40.0225647,116.4692398,善各庄城市休闲公园
39.8255326,116.4785113,镇海寺郊野公园二期
39.998992,116.5958694,东窑村体育广场
39.8811882,116.4782286,窑洼湖公园
39.9016915,116.491783,惠水湾森林公园
39.8634373,116.4757395,萧太后河源头广场
39.8526219,116.4930437,
39.8436221,116.5151506,
39.8118494,116.4114911,聚贤公园
39.8246714,116.4102338,聚贤公园北区
39.7761503,116.3959189,五福堂生态文明公园
39.9330291,116.5556072,京城梨园二期
39.7224999,116.4708193,北辛屯公园
39.9225387,116.600638,常营体育公园
39.9210516,116.5926758,HIGH ONE竞技乐园
39.8937936,116.3973295,三里河公园
39.9681084,116.4527849,坝河常庆花园
40.0430955,116.1767278,白家疃公园
40.044876,116.1810926,温泉儿童生态园北区
40.0420636,116.180674,温泉儿童生态园
40.0425111,116.1797177,
40.0445555,116.1798908,
40.0458636,116.1849706,
40.0480241,116.1756525,温泉公园
40.0310041,116.1705448,白家疃景观休闲园
39.9413758,116.5047278,
39.8999195,116.2413102,旺景公园
39.974588,116.5189958,
39.9978665,116.3370483,
40.0273127,116.5204252,
40.0336422,116.5121537,
40.044955,116.6416651,
40.0974483,116.6304106,爱迪公园
40.004085,116.3335395,
39.9558363,116.4445808,奥运文化广场
39.9642345,116.4547722,
39.9662414,116.4573076,
39.970736,116.4524461,
39.8859378,116.7779863,潞城药艺公园
39.8855798,116.7604289,大运河水梦园湿地公园
40.0177416,116.4322897,
39.9786767,116.2018006,
39.9915797,116.4199543,
40.0135442,116.3185922,荷清园
39.811135,116.3885971,和义西里健身广场
39.8151182,116.5818716,乐跑公园
39.8104831,116.5722889,
39.7781899,116.5742766,通明湖公园
39.8518703,116.6234928,台湖体育公园
39.8346236,116.6297545,
39.8320663,116.6295142,
39.8297527,116.6299347,
39.8308744,116.6328495,
39.8308138,116.6350344,
39.8306623,116.6403054,
39.8302662,116.6401992,
39.8303617,116.6375258,
39.830462,116.6347977,
39.7996238,116.6239083,
39.8511812,116.554569,
39.8487252,116.555936,
39.7641396,116.1620956,
39.7691577,116.1550417,加州水郡森林公园
39.7599621,116.1471395,翠林漫步公园
39.7535458,116.1374474,伊林郡公园
39.9714707,116.2425314,
39.9709434,116.2499231,闵庄公园
39.9727558,116.2270494,
39.9643119,116.2371881,
39.9685564,116.2352248,
39.9600439,116.2388025,
39.9287254,116.6198633,
39.8891565,116.3670317,广阳谷城市森林
39.7595231,116.3383797,
39.8231435,116.36779,
39.827498,116.3643455,
39.7213244,116.3925,
39.725409,116.3117642,
39.7250242,116.3043792,
39.7523786,116.3004427,
39.8863924,116.104566,七彩花田街心公园
39.8892331,116.1036102,
39.8898335,116.11278,上园路休闲公园
39.8897417,116.115572,
39.888795,116.1183726,
39.8892862,116.1197868,
39.8870673,116.1187611,
39.8919196,116.1213314,
39.8984339,116.1239866,
39.9133449,116.1296739,
39.9197236,116.1238312,
39.7654077,116.2051201,
39.7534861,116.1967641,张家场悦畅园口袋公园
39.7598919,116.1960064,长阳体育公园
39.7549547,116.2093323,
39.7321636,116.1732468,良乡大学城公园·科苑
39.7270135,116.1734012,良乡大学城公园·文苑
39.7230498,116.1758083,
39.7099678,116.1766336,
39.7129093,116.1766696,
39.7155501,116.1766922,
39.7181901,116.1766675,
39.711347,116.1495762,
39.7196472,116.1499265,
39.7227317,116.1368461,
39.7233975,116.1365378,
39.7112726,116.1188801,
39.7228405,116.1083891,鹭园公园
39.7267576,116.0968697,
39.7267555,116.1003645,
39.7270505,116.093203,
39.7175941,116.0792937,
39.714691,116.0764314,
39.7113417,116.0763466,
39.7089234,116.053782,孝廉广场
39.7076495,116.0240893,
39.7036973,116.0030578,
39.706089,116.0031623,
39.7080777,116.0028357,
39.7096942,116.0023519,
39.7129204,116.001121,圣水嘉名公园
39.720753,116.0063034,
39.7159207,116.0002587,
39.7261039,115.9601819,燕怡园
39.7290147,115.9554227,
39.9223448,116.1761047,
39.9226711,116.186274,休闲健身广场
39.9238101,116.1836541,
39.9246427,116.1836401,
39.9228145,116.1934166,
39.9228697,116.1999346,
39.9268038,116.1693263,
39.9349813,116.1691515,
40.0842674,116.3561148,
39.9275712,116.1592881,
39.9273513,116.1605097,
39.9273402,116.1578745,
39.9258538,116.1593463,
39.9258594,116.157979,
39.9244439,116.1580906,
39.9243619,116.1601964,
39.9261686,116.164726,
39.9251778,116.1644759,
39.9259041,116.1604952,
39.9235741,116.1645002,
39.9237585,116.1572624,
39.9226968,116.1577721,
39.9231178,116.1679295,
39.9229296,116.1699163,
39.9247326,116.1685489,
39.9302943,116.1518917,
39.9360681,116.1634177,模式口水电站工业遗址公园
39.9733057,116.6610664,东郊森林公园
40.0523632,116.2977264,
39.7767011,116.2862403,
39.7908866,116.2767464,狼垡公园
39.7827304,116.2886874,北京中华文化园
39.7791045,116.2906596,
39.8245182,116.3096293,
39.8055346,116.4228109,
39.8002975,116.4193383,
39.7846505,116.4219732,
39.7670663,116.433411,瀛海休闲公园
39.7643715,116.4389651,
39.8005339,116.454087,德寿寺公园
39.7956043,116.3262375,兴华公园东区
39.7927234,116.3199691,兴华公园西区
39.8163704,116.32391,
39.8195373,116.3246472,
39.8026758,116.3134357,白盆窑花园
39.7782888,116.3701125,老三余公园
39.8658566,116.5623357,豆各庄城市公园东园
40.0662401,116.2377189,
40.0695375,116.2433627,
40.0694675,116.2516274,
40.0581243,116.2402036,公园
40.0520844,116.2455267,五一渠生态滨河公园
39.9368529,116.6931313,
39.9343973,116.689262,
39.940049,116.7110074,
39.9203227,116.6578327,
39.9313174,116.7016407,
39.9282008,116.7005854,
39.9266715,116.7028574,
39.9267256,116.7004894,
39.9244373,116.700651,东六环西辅路带状公园·松柏常青
39.8881444,116.7345162,运河人家
39.8846609,116.7563139,
39.8905933,116.6065106,月牙河连心休闲公园
39.8628837,116.3185429,
39.8588362,116.3118765,丽泽金融商务区城市运动休闲公园
39.858358,116.3252591,
39.8587352,116.3205417,
39.8578179,116.3149145,
39.8625243,116.3390882,
39.9634421,116.5377106,
39.9609406,116.5377106,
39.9510337,116.538548,金铃狮园
39.9562651,116.5376803,
39.9619865,116.5805619,
39.9635541,116.5732249,
39.9541108,116.5884479,
39.9555788,116.602868,
39.9568313,116.5825773,
39.9415809,116.5859032,
39.9406094,116.579084,
39.9382545,116.579127,
39.7934083,116.5411138,
39.7260854,116.12599,
39.7249506,116.1253388,赛纳园
39.9696951,116.2999661,
39.8810707,116.3023176,
39.8754895,116.3048161,
39.7295465,116.3477765,
39.7011683,116.2863579,
39.7132333,116.3174122,
39.830207,116.2941172,
39.8300131,116.2977828,
39.8339122,116.2883159,
39.83247,116.284321,
39.8303319,116.2868487,
39.8280561,116.2888395,
39.8275862,116.292898,
39.827383,116.294986,
39.8265425,116.2924077,
39.8265871,116.2938701,
39.8286461,116.2851308,
39.8273122,116.2841176,
39.8293477,116.2834542,
39.8305996,116.2824954,
39.8318085,116.2816766,
39.8309048,116.2838128,
39.8300009,116.2858996,
39.8295287,116.2855655,
39.830533,116.2834954,
39.8278069,116.2874589,
39.8251776,116.2917298,
39.8257243,116.2956715,
39.8200639,116.2920736,
39.8200564,116.2909854,
39.822671,116.2907226,
39.822671,116.2888437,
39.8207668,116.2880399,
39.8196436,116.288069,
39.8226264,116.2857446,
39.822697,116.2830039,
39.8301887,116.2782138,
39.8258147,116.2778722,
39.8246854,116.2796063,
39.823968,116.2814876,
39.8221213,116.2736339,
39.8216031,116.2747368,
39.8205667,116.2740016,
39.8206033,116.2768299,
39.8212709,116.277924,
39.8211879,116.2804886,
39.8208823,116.2800605,
39.8731463,116.2936422,
40.0331322,116.2605529,
39.9469578,116.5749913,
39.9522953,116.6048511,
39.9917691,116.2196067,
39.9924592,116.2275694,石渠公园
39.9896947,116.2152156,
39.9898326,116.2157636,
40.1426462,116.2750866,
40.1359664,116.2763351,
40.1355746,116.2646388,
39.8780798,116.4946173,
39.8905611,116.6951672,
39.9053401,116.3557869,
39.9062456,116.3584944,
39.8785091,116.7055654,
39.9233864,116.5035465,
39.9010351,116.5076666,
39.9748091,116.5021323,
39.9873084,116.5007006,北窑地小公园
40.1336302,116.4804927,
39.9144803,116.7022432,东六环西辅路带状公园·香槐初夏
39.9022188,116.6576032,
39.8580803,116.343343,丰宜公园
39.8153635,116.372022,南苑森林湿地公园
39.7323897,116.1485805,昊天公园
39.9271765,116.2044329,芳秀园
39.9549187,116.3212007,
39.8171054,115.9711381,
39.8764443,116.6978152,
39.8847906,116.6897032,
39.9598151,116.6032832,
39.9354166,116.6232721,
39.9325433,116.6213027,
39.958424,116.6443732,
39.952248,116.646288,
39.9240121,116.2014516,
39.9251293,116.2041531,志秀园
40.0201724,116.3430205,小月河公园
39.8688492,116.6901259,
39.8685227,116.6916746,
39.8679525,116.6942163,绿韵园
39.9188044,116.3339531,
39.9081022,116.3175452,中国人民革命军事博物馆
39.9563218,116.2460631,西郊机场周边区域绿化建设
39.8552598,116.6760972,飞跃侏罗纪
39.8762475,116.5630888,
39.8729357,116.5633218,原乡公园
39.8739842,116.5589832,
39.8693078,116.5650538,
39.8696393,116.5700398,川安公园
39.871523,116.5728359,
39.8792489,116.5721251,
39.882833,116.5938115,
39.889018,116.5675504,
39.8856397,116.565209,
39.8661747,116.5697249,
39.8706377,116.5788904,
39.8853046,116.606185,暖山生态公园
39.8653764,116.6021741,
39.8620354,116.6014821,黑庄户四合公园
39.8577961,116.6102828,
39.8427645,116.6607503,
39.8437387,116.6555221,
39.8413307,116.6721357,
39.8420848,116.6667826,
39.8446844,116.6497222,
39.8513127,116.3460476,
39.8611608,116.3192003,
39.9104352,116.1871545,古城公园
39.8479715,116.4574286,
39.9514757,116.2921407,南长河公园
39.9525892,116.2930953,世纪之翼
39.9276903,116.2000597,灵秀园
39.9469467,116.3764211,德胜公园
40.032479,116.299768,
40.0302215,116.3023765,
40.0285502,116.3014153,
40.0481997,116.3146784,安宁庄公园
40.1122595,116.3403043,
40.1095003,116.3360243,
40.1042307,116.3427739,
40.109066,116.3489555,
40.0069987,116.3855559,
40.0044616,116.3856459,
40.0028563,116.3857794,
40.0023025,116.3897762,
40.0001557,116.3856706,
39.9948306,116.3664397,塔院城市森林公园北园
39.9910558,116.3690401,塔院城市森林公园南园
40.0082818,116.3569375,
40.0088291,116.355912,
40.0121368,116.3534914,
40.0203419,116.3577294,
40.064979,116.4135763,
40.0831426,116.4923434,鲁能泰山体育公园
40.0761299,116.501778,一汽丰田TNGA驾控体验公园
39.7996733,116.2838372,
39.8780357,116.2897939,
39.8607626,116.2992906,
39.7389683,116.1679553,良乡大学城公园·体苑
39.7327339,116.1769659,
39.7342998,116.1772534,
39.7353499,116.1762186,
39.7367883,116.1752293,
39.7423996,116.166972,
39.7509937,116.1620988,
39.8517561,116.4843367,
39.8538317,116.4858441,
39.8561584,116.4831243,
39.7337222,116.1636194,
40.0017167,116.3082022,西水磨
39.748398,116.4817135,
39.7498037,116.4766469,
39.7562043,116.4271756,
39.7531659,116.4280098,
39.761067,116.4262547,
39.7330287,116.4487211,盛世南宫影视文化城
39.7313929,116.455433,安南湿地环保主题公园
39.8090373,116.4572393,
39.8012091,116.459301,
39.9548883,116.4621428,
40.0394366,116.3593967,永泰绿色生态园
40.1051052,116.5547121,兴峪城市森林公园
40.1043124,116.5569246,
40.1041405,116.5497343,兴峪城市森林公园西区
40.0379463,116.4953851,何里栖地公园南区
39.8945158,116.8005655,
39.9218817,116.2646195,阜石路南侧绿地公园东区
40.124612,116.1963277,威凯居住区绿地公园
40.0427946,116.2584432,首师大附中口袋公园
39.7422758,116.0811098,张庄村头公园
39.9115048,116.7243533,
39.682886,115.9560676,云峰寺休闲公园
39.7661628,116.1760211,合景领峰休闲公园
39.7651111,116.1726936,
39.7679088,116.1837305,
39.7727681,116.1782058,
39.7717777,116.1850163,
40.0697955,116.1579438,
39.8305041,116.2006399,长辛店公园
39.8355638,116.1819967,
39.8324035,116.1804097,
39.8350877,116.1777905,长体城市休闲公园
40.0619339,116.3600414,新都公园
40.0808253,116.5187901,安华街公园
40.0974223,116.4666446,温榆河公园·未来智谷
40.0862394,116.2560391,辛店家园东侧绿地
40.000991,116.2585495,功德寺地区绿化工程
40.0022586,116.2618384,
39.9553145,116.254688,西郊机场周边区域绿化建设
39.9573893,116.2484774,西郊机场周边区域绿化建设
40.0372807,116.3958511,陈营东西桥公园
39.9743103,116.4382838,太阳宫安馨花园
39.9740078,116.4345654,
40.0616346,116.2979563,1818街区公园
40.0804364,116.308024,国仕汇小区东北角绿地
40.0818251,116.3260863,云趣园二区东南角绿地
40.137469,116.6262751,前进花园街旁绿地
39.9941768,116.4735025,和趣园
39.999438,116.4833735,
40.0002551,116.4819962,
39.996882,116.4847929,
39.9984784,116.4841652,
39.7502849,116.3037475,上泽公园
39.7158104,116.3685778,
39.7197065,116.4169659,
39.6979538,116.3701806,桂村文化广场
39.7578725,116.4049778,金海公园
39.7457883,116.3726731,团河行宫遗址公园
39.696455,116.5233521,大迴城休闲公园
39.6871794,116.5416298,
39.6879747,116.4762358,
39.6872681,116.5867746,
40.002876,116.4796553,
40.0043992,116.4696293,
40.0039493,116.4744883,
39.7389158,116.1903196,小清河露营公园
39.721304,116.1677101,
39.7126267,116.184572,
39.7146309,116.1778939,
39.7161993,116.1778838,
39.6843138,116.062566,
39.7066691,116.0663352,
39.8354136,116.3257581,
39.9045328,116.4813508,
39.9039463,116.4782867,
39.7258269,116.176706,
39.7284278,116.176685,
39.730987,116.176685,
39.720576,116.1757071,
39.7309472,116.1779873,
39.7326892,116.1780875,
39.7343006,116.179166,
39.7284207,116.1909115,房山新城滨水森林公园
39.7284213,116.1831895,
39.7283509,116.1782798,
40.0551037,116.5685394,天竺公园
40.0188692,116.5026897,
39.983034,116.3462474,
39.9809624,116.3437923,海棠园
39.984588,116.3397518,
39.8800394,116.485297,
39.8809581,116.4843849,
39.8705758,116.4914868,
39.8721577,116.4868348,
39.9756667,116.3199726,
39.7137138,116.3916276,
39.926555,116.199482,
39.8663697,116.5097484,个园
39.7944392,116.5722932,
39.796149,116.5750709,
39.7658999,116.339918,
39.7657647,116.3438298,
39.941115,116.2119381,金中阳光森林公园
39.934078,116.2049273,
39.9318146,116.1948135,大槐树公园
39.9380953,116.1974559,
39.9310211,116.2050503,
39.874366,116.4727026,
39.874622,116.4749602,
39.8760381,116.4729962,
39.9057696,116.4251041,
39.8919923,116.1127815,
39.891678,116.1155863,
39.9676085,116.2682755,
40.0754857,116.5492838,
40.0691724,116.5509431,
39.7343606,116.1194704,北潞园健身公园
39.7116073,116.1230243,
39.7133518,116.1247525,
39.8693975,116.3611918,
40.1095201,116.1406073,
40.1095069,116.1313004,
39.7130419,116.0604589,星城公园·慧园
39.7114971,116.0524526,星城公园·颐园
39.7089043,116.0213709,温馨公园
39.7284456,115.9576926,燕怡园
39.7113011,116.0374072,
40.1127289,116.4975603,温榆河公园·故城记忆
39.9979292,116.5464452,
39.8997659,116.1828096,绿湾公园
39.7407782,116.1636316,
39.995031,116.3927718,国学公园
40.014168,116.3623147,修德颐养园
39.8807254,116.4262428,
39.8446074,116.4706683,桃溪公园
39.8486472,116.4659195,桃溪公园
40.0405429,116.5324492,孙河郊野公园
40.0471168,116.5296372,
40.0372676,116.5277092,
40.0313836,116.5241535,
40.0424932,116.5236475,绿化用地
40.0420363,116.5258877,绿化用地
40.0443417,116.5121274,
39.8357662,116.2380118,晓月山体公园
40.0461787,116.2014035,画眉山滨水公园
39.9772315,116.5801168,朝阳丽泽公园
39.995581,116.3299494,
39.9446399,116.4398321,
39.9695861,116.4999418,滨河花园
39.9697927,116.4952723,驼房营公园
39.9702338,116.489769,
40.0745945,116.3953149,奥北森林公园一期
40.0302912,116.4235871,
40.026416,116.423412,
39.92059,116.4600597,呼家楼社区公园
40.001091,116.5365087,
40.0076885,116.4834675,
39.9356617,116.560603,
39.9164392,116.5161078,
39.8913655,116.5130825,
39.8502325,116.5620596,
40.0441129,116.4526728,
39.9392595,116.2816514,
39.9368863,116.2817177,
39.9284255,116.2820508,
39.8835997,116.2425483,小瓦窑村休闲公园
39.8863607,116.2363551,康景城市休闲公园
39.8678419,116.2333377,
39.8669242,116.2547819,
39.8729476,116.2686311,
39.8639421,116.2596372,天昊文化广场
39.8713336,116.2175694,经仪公园
40.0814283,116.2306443,悦康公园
40.0791261,116.2222462,
40.0776532,116.2293891,
40.0829225,116.2300348,
39.9145846,116.2060586,
39.9484886,116.4063479,
39.986909,116.4742485,阜园
39.7962378,116.2570849,北天堂公园北区
39.9087247,116.6592719,国防教育广场
39.7231567,116.0171913,房山红领巾公园
39.7198724,116.0170794,房山夕阳红公园
39.8602932,116.3563767,
39.8676421,116.3540687,
39.8675339,116.3507079,
39.7151365,115.9701223,宏塔公园
39.7118598,115.9616974,长育休闲公园
39.9417672,116.0769485,
39.9444785,116.0709979,
39.9430834,116.0709775,
39.9398311,116.0725557,
39.933113,116.0866038,
39.9436223,116.3282396,
39.9286316,116.0528777,窑神庙公园
39.9441431,116.0765563,石泉公园
39.939334,116.0901398,黑山公园
39.8378204,116.4148429,榴彩公园
39.8912074,116.2544559,青塔街心公园
40.0577217,116.3304388,
40.0400314,116.4033207,河滨公园
39.9236926,116.5452068,
39.9204622,116.5333523,
39.9201115,116.5280461,汇星苑城市森林公园
39.8156819,116.4961557,横街子公园南区
39.8291653,116.4950556,文化娱乐广场
39.830989,116.4690693,
39.8298928,116.4713181,镇海寺城市公园
39.7891236,116.256176,北天堂公园南区
39.9656871,116.5245768,坝河休闲公园
39.9350991,116.71322,
39.9374215,116.7122074,
39.8547293,116.3430953,
39.8570972,116.3472613,
39.7196828,116.7803822,
39.8596675,116.8401814,潮白河滨水公园
39.9704541,116.1677442,
40.10875,116.5292998,
40.1025334,116.5232393,
39.8791278,116.4180837,
39.8710213,116.4117944,玉蜓公园
39.91278,116.199965,晋元庄林带
39.9344337,116.181198,中关村科技园绿地
39.8904615,116.2260313,吴家村路精品绿地
39.9464206,116.1926557,八大处路绿化景观
39.8691853,116.395349,永定门桃园公园
39.9788799,116.3737166,祁家豁子城市公园
40.0103616,116.5238891,
39.8763183,116.4931612,
39.8273429,116.5423789,
39.7959013,116.1252445,
39.7969258,116.0976512,怪村亲子动物园
39.8089345,116.3123068,花乡公园
39.9526794,116.0919923,京门铁路遗址公园
39.9140501,116.0844782,
39.8918535,116.1099246,石门营运动公园
39.904698,116.1624049,
39.9087186,116.1765101,
39.918708,116.1956542,
39.9222513,116.2140835,宝山公园
40.0834105,116.3482198,
39.9329628,116.2016712,西黄村公园
39.781669,116.3759175,北京国际露营公园
39.9689676,116.4143438,
39.9704463,116.4266101,
40.0711057,116.257363,飞行控制中心大楼广场
39.9259792,116.3886692,
39.7696895,116.0744045,
39.8351467,116.3123237,
39.8344856,116.3086194,
39.9555591,116.6573432,
39.9566453,116.6597253,
39.9775351,116.6485936,
39.8286275,116.3088529,
39.8285892,116.3117356,
39.9166015,116.7918716,
39.8630931,116.2266861,
39.8608252,116.2283924,
39.8590237,116.2306738,
39.9440485,116.1963089,
39.7642746,116.4285896,
39.7633602,116.4320161,
39.7629652,116.4375799,
39.8601915,116.5648947,
39.9220478,116.3668663,
39.9266782,116.4269002,东四奥林匹克社区公园
39.9818015,116.3713878,
40.1230424,116.2065178,浮青园
39.8395886,116.3492351,
39.8410326,116.3491465,
39.8430786,116.3484925,
40.0811094,116.3031285,
40.1216274,116.209318,
39.845506,116.3466101,
40.0775451,116.349599,京都儿童医院南侧公园
40.0902839,116.3704809,
40.0442838,116.24717,百旺公园西区
40.0447735,116.2505165,
40.0395561,116.2565046,
40.0285266,116.289255,厢黄旗公园
39.7778996,116.7886963,圣火广场
39.817391,116.4085531,
40.049571,116.2078891,
40.0497587,116.2219748,
40.0072878,116.2684966,
40.0085942,116.2659139,清河之源滨水公园
39.8313864,116.2301383,世纪森林公园
39.970177,116.5229374,
39.9537984,116.4640759,
39.9410821,116.2258941,
39.955929,116.2077103,爱心苑
39.9734092,116.204127,建设中的公园
39.890709,116.5390934,
39.8895984,116.5392238,
39.8928129,116.5231623,
39.8969219,116.4843725,
39.9161055,116.4859559,
39.998954,116.2536462,
40.0477372,116.3565944,
39.9743754,116.3615664,元大都城垣遗址公园
39.9745195,116.3785513,元大都城垣遗址公园
39.9745639,116.384831,元大都城垣遗址公园
39.9746102,116.3980927,元大都城垣遗址公园
39.9748021,116.4063468,元大都城垣遗址公园
39.9747418,116.4148991,元大都城垣遗址公园
39.742318,116.4607798,
39.7446047,116.4699572,
39.7594552,116.4760775,
39.7861365,116.4642053,
39.7839106,116.4666233,
39.7969046,116.1882493,
40.0843929,116.1808432,
40.0953531,116.1518926,
40.0916572,116.1517548,
40.0890998,116.1479169,
40.085246,116.1725349,
39.8156436,116.2800469,
39.8156357,116.2821749,
39.9193388,116.6367782,
40.0689413,116.1293645,海棠春坞公园
40.0210091,116.3430001,东升清河培黎公园
40.0490394,116.5094254,
40.0680943,116.4629092,温榆河公园朝阳段“温榆国风”区域
40.0554561,116.4633089,
40.0480384,116.4490883,温榆河公园朝阳一期全龄森林运动南区
40.0196864,116.461973,
40.1337702,116.6368064,
39.7178737,116.3771601,
39.7286058,116.4089847,新凤河湿地公园
39.8814269,116.6620813,
40.0823657,116.3972846,
39.7933378,116.1522504,世界地热博览园
39.7753998,116.1657795,
39.8592146,116.1569728,槐树岭公园
39.8933538,116.7339732,
39.8850959,116.7402338,盛日寻芳
39.8911579,116.7325613,
39.8813543,116.7467469,
39.8447862,116.1550563,
39.7537836,116.3685479,
39.7507906,116.3675166,
39.752629,116.3685544,
39.7578631,116.3714344,
39.7980281,116.1352623,
39.7966486,116.1373755,南宫露营运动乐园
40.1494794,116.2445218,
40.1486768,116.2451278,
40.0408,116.2595298,百旺公园三期
40.0060513,116.3456494,
39.7667838,116.5450654,
40.0122753,116.3389662,逸成体育公园
39.7481226,116.3981059,
39.8529249,116.5538342,
39.8531463,116.5566539,
39.8542515,116.5583076,
39.8527749,116.550873,
39.9822803,116.4612332,
39.7939767,116.3286323,宏盛花园
39.8026036,116.3372621,九龙口休闲公园
39.7771245,116.3183163,
39.7859287,116.3158407,
39.9859298,116.4785523,海棠花溪
40.0821787,116.2244781,休闲公园
39.8599706,116.1368171,
39.8885149,116.1913411,055地块绿化用地
39.9173561,116.1111283,大峪一小运动公园
39.8964135,116.1158401,创客花园
39.8951816,116.121646,
39.8896274,116.1066943,小园便民健身运动公园
39.9765958,116.6084234,
40.0159623,116.6429624,
40.0160111,116.645334,
40.012862,116.6445948,
40.0089222,116.6466782,
39.6884763,116.3210182,
39.6910065,116.3219293,
39.6916575,116.3225396,
39.6993871,116.3198415,
39.8237557,116.5948072,
39.9454525,116.111537,
39.9446585,116.114534,
39.9215097,116.2602478,
39.8479964,116.2580842,
39.9220607,116.3791226,中国国家图书馆古籍馆
39.843928,116.4192289,
39.8461317,116.2160191,晓月湖公园
40.0500878,116.1664072,温泉公园三期
40.0472956,116.1694114,
40.0460332,116.1677034,
39.9241952,116.4187054,孚王府
39.8678505,116.4379265,
39.8601231,116.4442536,方庄城市公园
39.8474808,116.3976379,福海公园二期
39.8812283,116.1932008,冬奥公园
40.0065706,116.4708016,
40.006429,116.4684094,
39.8726519,116.2463032,
39.880313,116.2705857,岳各庄花园
40.1396542,116.1464456,阳坊公园
39.7298968,116.0292012,
39.865684,116.2482248,
39.8487127,116.3184902,
39.823324,116.3761293,
39.7548233,116.4310815,
39.8887273,116.2848021,
39.8887262,116.2865311,
39.8803737,116.2911224,
39.7982965,116.3009564,
40.1116356,116.1971537,
39.8561758,116.1760093,
39.8545536,116.1736151,
39.8585688,116.2044308,
39.8158763,116.4225406,
39.82871,116.436673,
39.8557374,116.3038454,东管头城市休闲公园
40.0598749,116.1661761,齐物潭公园
39.8732644,116.298112,
39.8840837,116.2676709,
40.0357458,116.3562614,西三旗公园
40.0652963,116.1783775,龙湖G-PARK科技公园
40.0639841,116.1753095,
40.0697166,116.2187506,
40.069056,116.2369857,
40.0687732,116.2319118,
39.8885674,116.3034998,
39.8891091,116.2923635,
40.0538423,116.1603476,
40.0539075,116.1513694,温泉村党建主题公园
40.0548346,116.144499,温泉村文体活动中心
40.0782923,116.2639363,
39.999055,116.2909157,达园
40.0218802,116.4604497,纬景园
39.9268245,116.2724081,
39.9071143,116.1477539,
39.9854915,116.2731127,六郎庄公园（一期）
40.0826268,116.6772237,市政公园
40.1362651,116.5313205,水坡环湖公园
39.9081214,116.5111664,四惠东站小游园
39.737708,116.356546,
39.8610666,116.2385911,
39.8584352,116.234483,
39.7173313,116.3189661,
40.0987618,116.6652875,
39.8412183,116.4956344,
39.8885655,116.1936633,056地块绿化用地
39.8885862,116.1961262,056地块绿化用地
39.8850247,116.210462,
39.8815414,116.2132984,衙门口城市森林公园东区
39.8552957,116.681192,鹰马飞行
39.7742354,116.2153589,
39.9152399,116.5588087,石道碑花园
39.9386075,116.1907095,
39.9378562,116.1754794,
39.9362964,116.1720011,
39.9399207,116.1974944,
39.9401418,116.2026579,
39.9314285,116.1833894,海特花园广场
40.0102921,116.3470676,
40.0096801,116.3474078,
39.7578111,116.5382808,
39.7530311,116.540778,
39.764462,116.5774426,
39.7661127,116.5805804,
39.7598129,116.5914834,
40.0072782,116.3442093,
40.0544131,116.1202209,
39.850536,116.7639159,
39.8921621,116.7400973,
39.9010191,116.729887,
39.8997192,116.7296964,
39.8996643,116.7287036,
39.9009461,116.728871,
39.8922453,116.7277647,
39.8911984,116.7285239,
39.9990761,116.3369534,王庄公园（西区）
39.9991748,116.3408649,王庄公园（东区）
40.0957411,116.2993952,
40.0435523,116.3642954,
40.009434,116.3973374,紫玉山庄西区
39.7811636,116.4727685,
39.780168,116.4762874,
39.8259343,116.5371124,
39.8277662,116.5231604,
39.8265284,116.5314934,
39.8229944,116.5277436,梧桐公园
39.8367143,116.4952531,
40.1348767,116.6501717,
40.1425603,116.654481,
39.8376775,116.2963716,
40.1108419,116.3373079,
40.1230913,116.3318938,
40.1178264,116.3898167,西沙各庄村郊野公园
39.9682822,116.0855939,琉璃河村健身广场
39.7615307,116.2103806,
39.9765206,116.5214657,将心园
40.1254105,116.6406798,
40.130077,116.6504736,
39.9910189,116.3784137,老故事503文创园
39.9859161,116.2295575,
39.9921458,116.2346012,
39.9987704,116.7661839,
39.9943653,116.7666587,
40.1149174,116.6877627,
40.0327918,116.2266877,
39.9436196,116.2610337,杏石口路6号院
39.9180858,116.2810722,
39.9178655,116.2848459,
39.9332038,116.2594425,
39.9301633,116.2697564,
39.9363715,116.2264695,锦绣大地观光园
39.9219164,116.2562676,
39.9278151,116.2699128,
39.9234664,116.2830545,
39.9234593,116.2841518,
39.9234214,116.2850599,
39.9377662,116.2739548,美丽园小区公园
39.911947,116.3075496,儿童科学公园
39.9119869,116.3031516,小天鹅公园
39.9162286,116.2933359,翠微烟雨公园
40.1012977,116.2610955,
39.8742845,116.3133778,
39.8707649,116.3051312,
39.8781389,116.2827494,
39.8775007,116.2819784,
40.001956,116.0736196,
39.9826161,116.4242845,
39.8051741,116.3728899,南苑公园
39.8169013,116.4293006,
39.8156018,116.4257562,
39.893108,116.1611329,
39.8932959,116.2130653,
39.9034695,116.2170219,槐香园
40.100707,116.6749448,
40.100774,116.2912548,
40.1005679,116.2893727,
40.1014001,116.2934702,
39.7784578,116.2565986,
39.8855145,116.315804,人口文化园
40.1345446,116.4050934,
40.1406383,116.408578,
40.1430738,116.406456,
40.1486437,116.4070543,
40.1244722,116.4038154,
40.1218565,116.404313,
40.1218634,116.4150051,
40.1202032,116.4028822,
40.1143584,116.6443663,
40.117847,116.3015233,
40.1583648,116.2533002,东沙河滨水公园
39.8394918,116.7629344,张家湾公园北区
39.8278635,116.744649,
39.8174863,116.7302934,
39.8209038,116.7310224,
39.8132777,116.7404301,
39.7243461,116.5407268,房辛店村文化广场
40.1481299,116.4897931,西王路游园
40.1476773,116.4930833,北王路公园
39.7163324,116.5010325,
39.7196919,116.5002185,
39.7609986,116.4293699,
39.764751,116.4318502,
40.0925599,116.2592208,
39.8474607,116.2768156,
39.770645,116.1768243,长兴公园
39.7675366,116.1848384,
39.7745802,116.1878004,
40.0518265,116.1668947,
39.7874487,116.4102805,
39.7949944,116.4010721,
39.7933357,116.3810992,
39.7924447,116.3815025,
39.7915743,116.3805468,
39.7917121,116.3794051,
39.7980798,116.3795618,
39.7741138,116.3781717,
39.8868811,116.1904493,
39.8960308,116.2128964,
39.8962088,116.2164364,
39.7954225,116.5489783,
39.7940225,116.5451434,
39.7949932,116.5442218,
39.9402356,116.2189996,
39.9615413,116.1329868,炮山城市森林公园
39.9780303,116.2263407,丹青圃公园北园
39.9764549,116.2135156,
40.0201709,116.4553326,来广营公园
39.9712334,116.2035685,
39.9816427,116.2100314,
39.8780332,116.623677,
39.9069626,116.2135816,
39.9068862,116.2151286,
39.9064797,116.2187796,
40.0332346,116.3328319,清河燕清体育文化公园
40.0313762,116.3582447,
40.0332573,116.3539646,永泰庄社区公园
39.6988004,116.5734498,
39.7066375,116.5729822,
39.8778841,116.6695707,
40.0213725,116.2856557,镶黄旗公园
40.1459074,116.6520764,
39.79737,116.4509293,
39.9512048,116.2804407,
39.9508,116.2804521,
39.907814,116.1196301,
40.1299226,116.6915999,
39.9392466,116.1201067,麻峪北柳林公园
39.8963096,116.0992216,
39.8951494,116.100162,
39.7486163,115.9453695,白水寺森林公园
39.6840162,115.9395957,
40.1006836,116.0878743,
39.904049,116.6315689,
40.1118434,116.6649919,夕阳红公园
40.1335048,116.0102417,棋盘山风景区（废弃）
40.105255,116.655025,
40.1036471,116.6492195,
40.1483472,116.6513415,
40.0295223,116.314059,爱之园
39.9582896,116.1259639,锦绣公园
39.9266215,116.1784748,苹果园公园
39.8901123,116.1997784,043地块绿化用地
39.8924416,116.2025681,
39.9331875,116.1946344,
40.1249743,116.7527092,
40.1209164,116.7524109,
40.1329274,116.7362338,南彩体育公园
39.9911977,116.3311942,
39.7320681,116.3386493,龙河路口袋公园
39.8982963,116.7285657,
39.8967293,116.726647,
39.8947527,116.728174,
39.9771959,116.4595989,小微公园
40.0541836,116.5539257,
39.7980114,116.8222215,郎东文体广场
39.7047578,116.7769711,
40.0672302,116.3058456,
40.0648575,116.3067949,
40.0489221,116.5195624,中央公园
40.0511012,116.5134183,
40.0527764,116.5120692,
39.8926802,116.6388005,
40.0569045,116.4222428,
39.9664258,116.4134502,
39.9659334,116.4135954,
39.9664176,116.4127669,
39.976058,116.4354457,
40.0936976,116.2704705,
39.9697285,116.4233758,
39.9690455,116.4224909,
39.9699913,116.419426,
39.9696298,116.4194529,
39.9688587,116.4205067,
39.8883923,116.4431377,
39.8874086,116.44308,
39.7772596,116.3698194,
40.1095189,116.6541616,
40.1096767,116.6528973,
40.1134961,116.6537168,
40.1150258,116.6491719,
40.1136789,116.6520212,
40.1147496,116.6260209,
39.8086215,116.1027589,
40.0436289,116.5176615,2902-84地块绿化用地
40.0465131,116.5247064,
40.0495155,116.5293995,
40.0521402,116.5164841,2902-26地块绿化用地
40.0349844,116.5376416,
40.0307078,116.5329318,廉政文化广场
40.0360274,116.5323262,
39.8287471,116.5497945,
39.8267184,116.5472873,
39.8237221,116.5469736,
39.8655505,116.5659125,
39.9217323,116.4276065,
39.9824249,116.3729516,祁家豁子城市公园
39.9780986,116.3702311,都景苑小区内公园
39.9485354,116.4146034,
39.948785,116.4227824,
39.9483661,116.3879477,
40.1225359,116.6740555,
39.8519043,116.3491188,
39.8499831,116.3430094,
39.8471527,116.3260115,
39.9697829,116.2723285,
39.9713632,116.2754806,
39.9781602,116.3952549,北投购物公园
40.136718,116.6306824,
40.0893394,116.1983319,东马坊健身公园
40.0670095,116.4230138,
40.0605989,116.4314585,天通苑东四社区口袋公园
40.0504545,116.4138258,
40.0756095,116.4335707,
39.8937941,116.3413177,天宁塔影
39.8955845,116.3444796,天宁寺广场
39.8876688,116.3780747,湖广会馆东广场
39.8775265,116.387474,先农坛神仓外部绿地
39.868817,116.3548635,右安闻莺游园
39.858223,116.3401581,
39.8458445,116.3389662,
39.9518546,116.6752616,
39.862061,116.6364374,
39.8620176,116.6386965,
39.8620435,116.6404835,
39.8620399,116.6423453,
39.863478,116.6269616,梨园田园广场
39.8620638,116.6337073,
39.8620696,116.6317788,
39.8620719,116.6286971,
39.8620413,116.6439976,
39.8522883,116.6510966,
39.8537589,116.6510312,
39.8554059,116.6508626,
39.8566336,116.6508738,
39.8580783,116.6508738,
39.8598387,116.6508757,
39.8459131,116.6554671,
39.8620195,116.6491618,
39.8620234,116.6469953,
39.8614911,116.6508846,
40.1223929,116.6260353,
40.1187403,116.6280029,
40.0031506,116.3205466,万泉河亲水平台
39.861992,116.6537807,
39.861991,116.6614914,
39.8620014,116.658759,
39.8618333,116.6761366,
39.8619528,116.6733739,
39.8619741,116.669647,
39.8619641,116.6665799,
39.8504711,116.6557659,
39.8537896,116.6574319,
39.8600194,116.6853765,
39.8613438,116.6882319,
39.8619202,116.6904157,
39.8668445,116.6117473,
39.8684075,116.6217089,
39.8660889,116.6206385,
39.880326,116.2948559,
39.8842125,116.4660839,
39.9899824,116.2928843,万泉河绿地
39.9043939,116.1093484,
39.9045098,116.1119525,
39.9045843,116.1142497,
39.9047019,116.1170718,
39.9048194,116.1193159,
39.9049412,116.121479,
39.9689415,116.3917175,
39.9683981,116.3896634,
39.9574833,116.3477529,元大都城垣遗址公园
39.9718068,116.416299,
39.9690278,116.4162761,
39.9314994,116.4344246,新中街城市森林公园
39.8566748,116.6741086,霸天虎过山车
39.844921,116.6613162,
39.8428802,116.6714795,
39.8439287,116.6672535,
39.8678513,116.4110541,怡昕公园
39.8836355,116.3924407,
39.9250076,116.1803672,
39.9278822,116.187853,铁路公园
40.0261464,116.2293688,
39.9776365,116.3120581,
39.7202019,116.0020954,
39.6972573,115.986772,
39.7174267,115.9975706,
40.0352201,116.5263754,
40.1335386,116.5929048,大江洼公园
39.8627194,116.6324635,
39.8627441,116.6288307,
39.8556852,116.6840722,
40.1296546,116.603675,
40.078851,116.3020469,北京人家东侧口袋公园
39.9315231,116.4253554,
40.1251625,116.6960923,
39.9092373,116.3605126,“淌”时光口袋公园
39.9086402,116.4158762,安和闻香
39.9837127,116.4927927,水站公园
40.0171471,116.6072469,
40.0183832,116.6350241,奥运生态公园
40.0375295,116.5867264,
40.0369228,116.5792029,
40.0363008,116.5904386,
39.9423293,116.4265641,
40.0158073,116.2571255,
39.9462767,116.673439,
39.9278288,116.6180815,五里桥公园
39.9842247,116.2566407,
39.9478284,116.4180727,
40.1009451,116.2639485,
40.0280418,116.2796869,
40.0293942,116.2773707,
40.0246022,116.275117,
40.0257596,116.2733267,
39.7694819,116.5256654,
39.7715411,116.5239983,
39.7737615,116.5221085,
39.775887,116.5204422,
39.7783265,116.5184505,
39.7801421,116.5170156,
39.785324,116.512764,
39.7883944,116.5102481,
39.7950694,116.5048538,
39.7977501,116.5026443,
39.8002489,116.5006465,
39.8038567,116.4977274,
39.8048931,116.4967071,
39.7689014,116.5278995,
39.769665,116.5295413,
39.9148328,116.3509315,
39.9185843,116.3507748,
39.9084562,116.3510466,
39.9691604,116.4143537,
39.9096118,116.4529199,
39.9099073,116.4550761,
39.7410795,116.3488963,又见体育公园
39.7314145,116.3449482,
39.7504916,116.165288,
39.7919725,116.5380047,
39.7906438,116.5351277,
39.8032481,116.5288257,
39.8046377,116.5320776,
39.8058209,116.5353799,
39.7974813,116.5525625,
39.7983462,116.5517163,
39.8080292,116.5346996,
39.8039595,116.5282108,
39.8053505,116.5314812,
39.8033105,116.5241126,
39.8206573,116.5260219,
39.8143156,116.510778,
39.8914289,116.4391878,广渠秋韵公园
40.0044676,116.3201302,情人坡憩园
39.9012402,116.1201692,
39.9065985,116.1198146,
40.0132352,116.3500447,
39.89184,116.6369851,
39.8906661,116.6369624,
39.8857357,116.6893918,
39.9964459,116.3078348,
39.9909524,116.306508,
39.99104,116.3064434,
39.9912068,116.3064474,
39.9913765,116.3064533,
39.9053386,116.6309895,
39.9017635,116.6318437,
39.8610843,116.5711811,
40.0412653,116.2005457,
40.0422017,116.195737,
40.0620129,116.1791842,光合公园
40.0606705,116.3518047,
39.9952517,116.2960968,
39.7650234,116.5158986,
39.752078,116.2802621,
39.7728662,116.4400153,
39.8793864,116.6878028,上盖公园
39.931281,116.3968098,
39.9936192,116.2930717,
39.9724663,116.2828403,
39.9718628,116.2818743,
39.7214554,116.1629234,
39.7214554,116.1651295,
39.7126302,116.14537,
39.7266501,116.1485105,昊天碳中和公园
39.958116,116.2594395,铁塔园
40.0027805,116.322746,0304广场
39.898232,116.1398213,
39.905597,116.099033,
39.8942493,116.1025536,
39.8898805,116.0963655,
39.7490549,116.2968298,
39.9634726,116.5649107,
39.9903858,116.3256729,清华园车站公园
39.820865,116.2956689,
39.8886876,116.3805462,京韵园
39.8885832,116.3819687,
39.9254345,116.1197719,
39.9552641,116.259318,
39.9408324,116.2348049,
39.9404064,116.2361342,
39.94032,116.2378693,
39.9767493,116.199401,
40.0270177,116.2372679,
40.0380291,116.227638,
39.9922696,116.2846026,
39.9913793,116.2785028,
39.9233595,116.1520206,
40.0564257,116.3196877,
40.0549913,116.3209679,
40.0658241,116.3256023,
40.0658833,116.3234873,
40.0641192,116.3229921,
39.9732443,116.3091729,中心花园
39.8963747,116.2220614,五芳园健身苑
40.0801331,116.3722315,
39.9058118,116.1191331,
40.0632382,116.331003,
39.8011084,116.1049713,
39.8037668,116.1042023,丰台青龙湖FT00-0503-L02地块公园绿地
39.9215732,116.4376242,东岳文化广场
39.9209079,116.4377454,神路街角社区口袋公园
39.7667107,116.3105696,
39.754098,116.3344367,
40.1036918,116.3323141,
39.9122991,116.4844881,
39.9106798,116.4845454,
40.0314081,116.3621821,龙岗路社区公园
40.0452423,116.5981234,
39.7646895,116.6293045,
39.8439235,116.5602763,
40.12195,116.6062603,
40.1203918,116.6064368,
39.9069267,116.198822,
39.996239,116.3318675,京张铁路遗址公园
39.8624382,116.5912916,
40.0019911,116.3207661,地质之角
40.0804488,116.4140991,天通苑生态休闲公园
40.0897401,116.327695,回龙观生态休闲公园
39.9937272,116.0335966,
39.9753146,116.0452032,
39.991057,116.0518857,谷山村
39.9833714,116.0587357,
39.9857884,116.0627443,
39.9836294,116.0752618,
39.8908166,116.5175742,
39.8908119,116.5236407,
39.8982608,116.5581119,杜仲公园二期西区
39.8940415,116.5499556,百花公园东区
39.8813755,116.3607091,
39.8815824,116.3612565,
39.8814689,116.3618295,
39.8813243,116.3612519,
39.8813252,116.3617779,
39.8811201,116.3612551,
39.8811207,116.3617799,
39.8808385,116.3615123,
39.8808782,116.3925824,
40.0585986,116.1007627,西山一景园
40.01498,116.5979104,
39.7898464,116.3346716,路演公园
39.9484259,116.3348365,小树林
40.0044647,116.3412421,雨水花园
40.1124188,116.6561891,石园北二街心公园
39.8407902,116.28036,
39.8768762,116.0471376,檀谷·慢闪公园
39.9297471,116.1931159,石景山区文化馆公园
39.7652088,116.1579742,
39.8693344,116.2475599,
39.998795,116.4635509,首开运动公园
39.8509071,116.6815922,
39.9987385,116.4650421,望京文化广场
39.9870617,116.4601395,
40.0016181,116.4629618,
40.001504,116.4641651,
40.0040108,116.4622514,
40.0047315,116.4643546,
40.0034641,116.4565751,
40.001076,116.454167,
40.0184892,116.3131264,
40.0010793,116.469656,
39.8611441,116.800287,
39.738951,116.6663992,
39.8401859,116.702955,
39.8346106,116.7134565,
39.8279622,116.7149902,
39.8318904,116.7052896,
39.8409937,116.7480822,
39.8268908,116.7267188,
39.7465875,116.8381614,
39.76188,116.8273388,
39.7588408,116.8148399,
39.760841,116.8163033,
39.7819099,116.7903989,
39.793827,116.7811244,
39.8177576,116.7513766,
39.7963864,116.7821086,
39.8030114,116.776562,
39.7622158,116.8029003,
39.7552247,116.8276429,
39.7540761,116.8291496,
39.7507343,116.8320997,
39.6880188,116.1442711,良乡蔬艺园
39.8767513,116.7752287,
39.8801711,116.7706875,
39.8804504,116.7677902,
39.7145456,116.6521399,
39.9130379,116.7360688,后北营家园绿地
39.9067247,116.7182953,四合花园
39.9085199,116.7162135,
39.9071997,116.7136926,玉镜朗鉴
39.9024147,116.7563733,运河东大街休闲绿地
39.9464098,116.7151586,宋庄城市客厅
39.8822473,116.751942,
39.8972122,116.7540334,
39.8955495,116.7537727,
39.8901527,116.7540081,
39.8864222,116.7061447,首都公共艺术创作基地
39.7224295,116.1862963,
39.7807757,116.5626831,
40.0906772,116.2274005,
40.001893,116.4195538,
40.0020643,116.4209047,
39.890764,116.7305499,
39.995743,116.4302127,
39.9493616,116.3360521,七教南侧草坪
39.9946909,116.4648316,
39.9182002,116.7250439,
39.9480875,116.6954979,东六环西辅路带状公园·栾怀花树
39.8767358,116.6991999,
39.8629162,116.7728277,潞城党建公园
39.8972754,116.7187293,
39.9000203,116.7140356,
39.8975964,116.7239731,
39.9002948,116.7228124,
39.8985586,116.7186667,
39.9023244,116.7227036,
39.9012709,116.7184241,
39.9569054,116.7238191,
39.9413106,116.7306254,
40.0326016,116.2963175,树村公园
39.7861688,116.2039038,北京莱恩堡国际酒庄
40.0655188,116.3671468,体育公园
39.9442204,116.305133,
39.9451761,116.3018772,
39.9509966,116.2947693,
39.9476283,116.3004011,
39.9488881,116.3047892,
39.9483679,116.3093655,文园
39.9430434,116.7574916,
39.9206485,116.7222639,
40.1155333,116.3570694,郑各庄温榆公园
39.9102586,116.7303711,
39.9116571,116.730018,
39.9442203,116.5206444,
39.9509976,116.5243615,
39.9394187,116.1664104,
39.9452509,116.1744728,
39.9422749,116.168296,
39.7872142,116.0736677,青龙湖水上乐园
39.9034702,116.4451589,建外街道口袋公园
39.962058,116.2681922,
39.8582619,116.7913836,新礼公园
39.8578536,116.8001358,东刘庄休闲公园
39.7684264,116.2170855,高岭村休闲公园
39.9479712,116.505108,
39.9317393,116.366196,
39.6819205,116.1329277,金樾公园
39.832454,116.4323768,
39.8478797,116.2996696,
39.8612985,116.6740183,
39.8863417,116.6925413,
39.8808901,116.6908812,
39.8887763,116.6732567,玉春园
39.8843897,116.685598,
39.8638135,116.3925929,
39.87142,116.4043495,
39.8302799,116.3508607,
39.807372,116.5394323,
39.8091385,116.5428172,
39.8120958,116.5450497,
39.8105288,116.5430138,
39.9322888,116.3816074,龙头井微公园
39.9849116,116.349241,
39.8848414,116.3581071,
39.8824432,116.3635751,唐闵忠寺旧址
39.8834723,116.3552581,
39.8854476,116.3478156,
39.9090568,116.3540735,
39.7056391,115.9917793,
39.826407,116.4129512,
39.8278086,116.4176183,
39.7902624,116.3805611,
39.9815887,116.304084,中关村西区6号地
39.8816773,116.3593427,
39.8685916,116.3516475,
39.8686254,116.3522091,
39.8702572,116.3609573,
39.869385,116.3620583,右安驿站
39.8695648,116.3640625,
39.8695876,116.364625,
39.8696688,116.3651914,
39.8699417,116.3658749,
39.86976,116.3663453,
39.8698169,116.3670915,
39.8731095,116.3662374,
39.8737523,116.3662356,
39.8724259,116.3662623,
39.9238381,116.2816484,
40.0170394,116.3033226,清河之洲
39.9189979,116.502135,十北文化公园
39.9279547,116.2108757,
39.9349924,116.1985026,
39.927607,116.1968643,
39.9273517,116.1921804,
39.9366242,116.1966187,
39.9098629,116.3637724,
39.9723201,116.2415938,
39.9891375,116.4757886,
39.8567007,116.3816055,
39.9736371,116.3234785,82 Zhichun Road Park
39.9871972,116.3545149,
39.9871055,116.3525803,
39.8384838,116.7234256,张家湾公园一期
39.9015106,116.2738379,
39.9022578,116.2791122,
39.9021362,116.2809667,
39.9017769,116.2933759,
40.007926,116.2718364,
40.0102351,116.2762731,
39.9699338,116.1167705,
39.9745676,116.1201074,
39.9429865,116.4882458,
40.0626122,116.4063539,
40.0044786,116.4863905,
39.8965867,116.3022997,
39.9362613,116.154483,石景山模式口公园
39.9812392,116.4472727,
40.0045652,116.7993629,幸福公园
40.0448881,116.3218838,
39.9804015,116.4729576,
39.9891666,116.3462608,
39.8744825,116.1826308,园博园
39.8858558,116.1781183,永定河休闲森林公园
39.9091507,116.3880372,中山公园
39.9437662,116.1076144,门城湖公园
39.7953099,116.0822525,青龙湖公园
39.9696871,116.0895116,三家店蒲草湿地公园
39.9071474,116.3972905,菖蒲河公园
39.9095408,116.3940171,太子林
39.9910805,116.2512999,玉东郊野公园(两山公园)
39.7468325,116.2765751,公共绿地
39.9827218,116.3436176,晨读园
40.0802745,116.2261241,
39.8779776,116.4237011,龙潭西湖公园
39.9661667,116.3875719,元大都城垣遗址公园
39.7786472,116.2742008,狼垡城市森林公园
39.9890949,116.063186,
40.1192999,116.6558129,顺义公园
40.1144958,116.2606019,
39.7206553,116.1732897,良乡大学城公园·安苑
39.7356702,116.1706778,良乡大学城公园·红苑
39.7138969,116.1595818,良乡大学城公园·康苑
39.6799461,116.3105542,永兴河湿地公园
40.0230298,116.2987308,树村郊野公园
39.9977584,116.3876003,奥林匹克公园
39.9016692,116.4565062,庆丰公园
39.9267071,116.1596606,
39.737932,116.3106317,兴旺公园
39.9733926,116.0017822,王平湿地公园
40.0614753,116.3895868,太平郊野公园
40.0648751,116.3880343,奥北森林公园二期
40.0906772,116.2274005,
39.9468085,116.3652599,潭西胜境公园
40.0671414,116.3112139,
